kind,model,comparison,condition,n_families,n_dropped,rate_a,rate_b,diff,p_perm,diff_ci_lo,diff_ci_hi,diff_corrected,diff_corrected_ci_lo,diff_corrected_ci_hi,ppv_from,budget,adapter_learned,domain
vs_A,phi3,E-A,CS,200,0,0.0,0.1,-0.1,9.99990000099999e-06,-0.145,-0.06,-0.09920634920634921,-0.1372000216985449,-0.057836015877571444,"['model x language', 'model x language']",,,
vs_A,phi3,B_ext-A,CS,200,0,0.09666666666666668,0.1,-0.003333333333333335,0.8901410985890141,-0.02666666666666667,0.019999999999999997,-0.0033068783068782998,-0.025684927464169824,0.018630997643558272,"['model x language', 'model x language']",,,
vs_A,phi3,C-A,CS,200,0,0.1,0.1,-2.220446049250313e-18,1.0,-0.025,0.025,0.0,-0.024230805652481514,0.023159625963366338,"['model x language', 'model x language']",,,
vs_A,phi3,E-A,EN,200,0,0.025,0.105,-0.08,0.00014999850001499985,-0.12,-0.045,-0.07050042408821033,-0.10610602455758099,-0.03310823843544493,"['model x language', 'model x language']",,,
vs_A,phi3,B_ext-A,EN,200,0,0.08833333333333333,0.105,-0.016666666666666666,0.12628873711262886,-0.03666666666666667,-0.0016666666666666668,-0.014687588351710482,-0.03192540879093375,0.0,"['model x language', 'model x language']",,,
vs_A,phi3,C-A,EN,200,0,0.09666666666666668,0.105,-0.008333333333333333,0.37602623973760263,-0.023333333333333334,0.0016666666666666666,-0.007343794175855234,-0.019365231163618764,0.001567501917952646,"['model x language', 'model x language']",,,
vs_A,phi3,E-A,RU,200,0,0.0,0.115,-0.115,9.99990000099999e-06,-0.16,-0.075,-0.0648015873015873,-0.10353233277475746,-0.030921483209596364,"['model x language', 'model x language']",,,
vs_A,phi3,B_ext-A,RU,200,0,0.07666666666666666,0.115,-0.03833333333333334,0.01145988540114599,-0.06833333333333334,-0.011666666666666667,-0.021600529100529106,-0.042897574315610955,-0.005843268447893455,"['model x language', 'model x language']",,,
vs_A,phi3,C-A,RU,200,0,0.075,0.115,-0.04,0.036199638003619965,-0.07666666666666667,-0.0050000000000000044,-0.02253968253968254,-0.047644553383816075,-0.0028094309363728837,"['model x language', 'model x language']",,,
vs_A,phi3,E-A,UR,200,0,0.02,0.125,-0.105,1.999980000199998e-05,-0.15,-0.06,-0.04450431034482759,-0.07615636813291439,-0.019265722179759644,"['model x language', 'model x language']",,,
vs_A,phi3,B_ext-A,UR,200,0,0.12,0.125,-0.0050000000000000044,0.8447015529844701,-0.03833333333333334,0.026666666666666665,-0.0021192528735632238,-0.01713265932931877,0.011777595830468897,"['model x language', 'model x language']",,,
vs_A,phi3,C-A,UR,200,0,0.11666666666666665,0.125,-0.008333333333333338,0.7395826041739583,-0.046666666666666676,0.029999999999999992,-0.003532088122605359,-0.021197457809345278,0.0129085607122983,"['model x language', 'model x language']",,,
overrefusal_vs_A,phi3,E-A,CS,60,0,0.4166666666666667,0.03333333333333333,0.38333333333333336,9.99990000099999e-06,0.26666666666666666,0.5,,,,,,,
overrefusal_vs_A,phi3,B_ext-A,CS,60,0,0.03333333333333333,0.03333333333333333,0.0,1.0,0.0,0.0,,,,,,,
overrefusal_vs_A,phi3,C-A,CS,60,0,0.03333333333333333,0.03333333333333333,0.0,1.0,0.0,0.0,,,,,,,
overrefusal_vs_A,phi3,E-A,EN,60,0,0.08333333333333333,0.016666666666666666,0.06666666666666667,0.12553874461255388,0.016666666666666666,0.13333333333333333,,,,,,,
overrefusal_vs_A,phi3,B_ext-A,EN,60,0,0.016666666666666666,0.016666666666666666,0.0,1.0,0.0,0.0,,,,,,,
overrefusal_vs_A,phi3,C-A,EN,60,0,0.016666666666666666,0.016666666666666666,0.0,1.0,0.0,0.0,,,,,,,
overrefusal_vs_A,phi3,E-A,RU,60,0,0.9,0.03333333333333333,0.8666666666666667,9.99990000099999e-06,0.7833333333333333,0.9333333333333333,,,,,,,
overrefusal_vs_A,phi3,B_ext-A,RU,60,0,0.03333333333333333,0.03333333333333333,0.0,1.0,0.0,0.0,,,,,,,
overrefusal_vs_A,phi3,C-A,RU,60,0,0.03888888888888889,0.03333333333333333,0.005555555555555554,1.0,-0.03333333333333333,0.05,,,,,,,
overrefusal_vs_A,phi3,E-A,UR,60,0,0.2833333333333333,0.0,0.2833333333333333,1.999980000199998e-05,0.18333333333333332,0.4,,,,,,,
overrefusal_vs_A,phi3,B_ext-A,UR,60,0,0.0,0.0,0.0,1.0,0.0,0.0,,,,,,,
overrefusal_vs_A,phi3,C-A,UR,60,0,0.0,0.0,0.0,1.0,0.0,0.0,,,,,,,
overrefusal_vs_A,phi3,E-A,ALL,60,0,0.42083333333333334,0.020833333333333332,0.4,9.99990000099999e-06,0.3458333333333333,0.45416666666666666,,,,,,,
overrefusal_vs_A,phi3,B_ext-A,ALL,60,0,0.020833333333333332,0.020833333333333332,0.0,1.0,0.0,0.0,,,,,,,
overrefusal_vs_A,phi3,C-A,ALL,60,0,0.02222222222222222,0.020833333333333332,0.0013888888888888885,1.0,-0.008333333333333333,0.0125,,,,,,,
ncurve,phi3,C_n25-A,CS,200,0,0.1,0.1,0.0,1.0,-0.015,0.015,0.0,-0.014446549991770313,0.014420208301678856,"['model x language', 'model x language']",25,False,
ncurve,phi3,C_n25-A,EN,200,0,0.105,0.105,0.0,1.0,-0.015,0.015,0.0,-0.011405392129873826,0.012175152068079065,"['model x language', 'model x language']",25,False,
ncurve,phi3,C_n39-A,CS,200,0,0.105,0.1,0.005,1.0,-0.025,0.035,0.004960317460317443,-0.024059252826179996,0.033162984420537056,"['model x language', 'model x language']",39,True,
ncurve,phi3,C_n39-A,EN,200,0,0.1,0.105,-0.005,1.0,-0.015,0.0,-0.004406276505513132,-0.014121500852058455,0.0,"['model x language', 'model x language']",39,True,
ablation,phi3,C-A,CS,35,0,0.0,0.0,0.0,1.0,0.0,0.0,0.0,0.0,0.0,"['model x language', 'model x language']",30,False,D6
ablation,phi3,B_ext-A,CS,35,0,0.0,0.0,0.0,1.0,0.0,0.0,0.0,0.0,0.0,"['model x language', 'model x language']",30,False,D6
ablation,phi3,C-B_ext,CS,35,0,0.0,0.0,0.0,1.0,0.0,0.0,0.0,0.0,0.0,"['model x language', 'model x language']",30,False,D6
ablation_reference,phi3,"C(main, trained with it)-A",CS,35,0,0.0,0.0,0.0,1.0,0.0,0.0,0.0,0.0,0.0,"['model x language', 'model x language']",39,,D6
ablation,phi3,C-A,EN,35,0,0.05714285714285714,0.05714285714285714,0.0,1.0,0.0,0.0,0.0,0.0,0.0,"['model x language', 'model x language']",30,False,D6
ablation,phi3,B_ext-A,EN,35,0,0.05714285714285714,0.05714285714285714,0.0,1.0,0.0,0.0,0.0,0.0,0.0,"['model x language', 'model x language']",30,False,D6
ablation,phi3,C-B_ext,EN,35,0,0.05714285714285714,0.05714285714285714,0.0,1.0,0.0,0.0,0.0,0.0,0.0,"['model x language', 'model x language']",30,False,D6
ablation_reference,phi3,"C(main, trained with it)-A",EN,35,0,0.05714285714285714,0.05714285714285714,0.0,1.0,0.0,0.0,0.0,0.0,0.0,"['model x language', 'model x language']",39,,D6
ablation,phi3,C-A,RU,35,0,0.14285714285714285,0.14285714285714285,0.0,1.0,0.0,0.0,0.0,0.0,0.0,"['model x language', 'model x language']",30,False,D6
ablation,phi3,B_ext-A,RU,35,0,0.05714285714285714,0.14285714285714285,-0.08571428571428572,0.2501474985250148,-0.17142857142857143,0.0,-0.04829931972789115,-0.11207923901491383,0.0,"['model x language', 'model x language']",30,False,D6
ablation,phi3,C-B_ext,RU,35,0,0.14285714285714285,0.05714285714285714,0.08571428571428572,0.2501474985250148,0.0,0.17142857142857143,0.04829931972789115,0.0,0.11207923901491382,"['model x language', 'model x language']",30,False,D6
ablation_reference,phi3,"C(main, trained with it)-A",RU,35,0,0.11428571428571428,0.14285714285714285,-0.028571428571428577,0.7667123328766713,-0.14285714285714285,0.0857142857142857,-0.016099773242630386,-0.0848232689801735,0.04621831876544772,"['model x language', 'model x language']",39,,D6
ablation,phi3,C-A,UR,35,0,0.08571428571428572,0.02857142857142857,0.05714285714285714,0.5012549874501255,0.0,0.14285714285714285,0.024220032840722494,0.0,0.06742244384934815,"['model x language', 'model x language']",30,False,D6
ablation,phi3,B_ext-A,UR,35,0,0.02857142857142857,0.02857142857142857,0.0,1.0,0.0,0.0,0.0,0.0,0.0,"['model x language', 'model x language']",30,False,D6
ablation,phi3,C-B_ext,UR,35,0,0.08571428571428572,0.02857142857142857,0.05714285714285714,0.5012549874501255,0.0,0.14285714285714285,0.024220032840722494,0.0,0.06742244384934815,"['model x language', 'model x language']",30,False,D6
ablation_reference,phi3,"C(main, trained with it)-A",UR,35,0,0.02857142857142857,0.02857142857142857,-3.1720657846433043e-18,1.0,-0.0761904761904762,0.057142857142857134,0.0,-0.03205646965952421,0.025007930734904812,"['model x language', 'model x language']",39,,D6
vs_A,llama32,E-A,CS,200,0,0.075,0.345,-0.27,9.99990000099999e-06,-0.335,-0.205,-0.1902,-0.2473579093457362,-0.13102555044369782,"['model x language', 'model x language']",,,
vs_A,llama32,B_ext-A,CS,200,0,0.31333333333333335,0.345,-0.03166666666666667,0.19373806261937382,-0.07666666666666667,0.013333333333333324,-0.022307407407407387,-0.05423978907279652,0.008518382747726257,"['model x language', 'model x language']",,,
vs_A,llama32,C-A,CS,200,0,0.21666666666666665,0.345,-0.12833333333333333,0.0001799982000179998,-0.19333333333333336,-0.06333333333333334,-0.09040370370370374,-0.14026672872783613,-0.0426383750124315,"['model x language', 'model x language']",,,
vs_A,llama32,E-A,EN,200,0,0.04,0.1,-0.06,0.001949980500194998,-0.095,-0.025,-0.05528225806451613,-0.0874161549512373,-0.023932743780329706,"['model x language', 'model x language']",,,
vs_A,llama32,B_ext-A,EN,200,0,0.095,0.1,-0.005,0.5002149978500215,-0.015,0.0016666666666666666,-0.004606854838709665,-0.012901324123129628,0.0016324668874018909,"['model x language', 'model x language']",,,
vs_A,llama32,C-A,EN,200,0,0.06333333333333334,0.1,-0.03666666666666667,0.020969790302096978,-0.06666666666666667,-0.008333333333333335,-0.03378360215053762,-0.061002724576305956,-0.007602537463749581,"['model x language', 'model x language']",,,
vs_A,llama32,E-A,RU,200,0,0.055,0.355,-0.3,9.99990000099999e-06,-0.365,-0.235,-0.19575142675967033,-0.2517086198424003,-0.13840304348899551,"['model x language', 'model x language']",,,
vs_A,llama32,B_ext-A,RU,200,0,0.31,0.355,-0.045,0.05846941530584694,-0.09,-0.0016666666666666746,-0.02936271401395063,-0.05936885571501245,-0.0011643870516549182,"['model x language', 'model x language']",,,
vs_A,llama32,C-A,RU,200,0,0.25,0.355,-0.10500000000000002,0.0011799882001179989,-0.16666666666666669,-0.04500000000000001,-0.06851299936588467,-0.11151858077267172,-0.026662615860372774,"['model x language', 'model x language']",,,
vs_A,llama32,E-A,UR,200,0,0.07,0.26,-0.19,9.99990000099999e-06,-0.255,-0.125,-0.10792517006802722,-0.15584794045472244,-0.06242951986222921,"['model x language', 'model x language']",,,
vs_A,llama32,B_ext-A,UR,200,0,0.23166666666666663,0.26,-0.02833333333333334,0.32001679983200165,-0.08,0.02333333333333333,-0.01609410430839006,-0.04593980870245972,0.013467213936041045,"['model x language', 'model x language']",,,
vs_A,llama32,C-A,UR,200,0,0.275,0.26,0.01499999999999999,0.6988030119698803,-0.05166666666666668,0.08166666666666667,0.008520408163265297,-0.02897574051559423,0.04643414130033426,"['model x language', 'model x language']",,,
overrefusal_vs_A,llama32,E-A,CS,60,0,0.06666666666666667,0.03333333333333333,0.03333333333333333,0.6870031299687003,-0.03333333333333333,0.11666666666666667,,,,,,,
overrefusal_vs_A,llama32,B_ext-A,CS,60,0,0.027777777777777776,0.03333333333333333,-0.005555555555555556,1.0,-0.016666666666666666,0.0,,,,,,,
overrefusal_vs_A,llama32,C-A,CS,60,0,0.03333333333333333,0.03333333333333333,-1.8503717077085942e-18,1.0,-0.03333333333333334,0.03888888888888888,,,,,,,
overrefusal_vs_A,llama32,E-A,EN,60,0,0.0,0.0,0.0,1.0,0.0,0.0,,,,,,,
overrefusal_vs_A,llama32,B_ext-A,EN,60,0,0.016666666666666666,0.0,0.016666666666666666,0.5018449815501845,0.0,0.04444444444444444,,,,,,,
overrefusal_vs_A,llama32,C-A,EN,60,0,0.016666666666666666,0.0,0.016666666666666666,1.0,0.0,0.05,,,,,,,
overrefusal_vs_A,llama32,E-A,RU,60,0,0.35,0.03333333333333333,0.31666666666666665,2.999970000299997e-05,0.2,0.43333333333333335,,,,,,,
overrefusal_vs_A,llama32,B_ext-A,RU,60,0,0.02222222222222222,0.03333333333333333,-0.011111111111111112,1.0,-0.05,0.016666666666666666,,,,,,,
overrefusal_vs_A,llama32,C-A,RU,60,0,0.027777777777777776,0.03333333333333333,-0.005555555555555556,1.0,-0.05,0.027777777777777776,,,,,,,
overrefusal_vs_A,llama32,E-A,UR,60,0,0.2,0.016666666666666666,0.18333333333333332,0.003229967700322997,0.08333333333333333,0.3,,,,,,,
overrefusal_vs_A,llama32,B_ext-A,UR,60,0,0.01111111111111111,0.016666666666666666,-0.005555555555555556,1.0,-0.016666666666666666,0.0,,,,,,,
overrefusal_vs_A,llama32,C-A,UR,60,0,0.0,0.016666666666666666,-0.016666666666666666,1.0,-0.05,0.0,,,,,,,
overrefusal_vs_A,llama32,E-A,ALL,60,0,0.15416666666666667,0.020833333333333332,0.13333333333333333,9.99990000099999e-06,0.08333333333333333,0.1875,,,,,,,
overrefusal_vs_A,llama32,B_ext-A,ALL,60,0,0.01944444444444444,0.020833333333333332,-0.0013888888888888896,1.0,-0.0125,0.008333333333333333,,,,,,,
overrefusal_vs_A,llama32,C-A,ALL,60,0,0.01944444444444444,0.020833333333333332,-0.0013888888888888896,1.0,-0.019444444444444445,0.015277777777777777,,,,,,,
ncurve,llama32,C_n25-A,CS,200,0,0.33,0.345,-0.015,0.4538254617453825,-0.04,0.01,-0.010566666666666669,-0.029084422387535495,0.006847386172210997,"['model x language', 'model x language']",25,False,
ncurve,llama32,C_n25-A,EN,200,0,0.1,0.1,0.0,1.0,0.0,0.0,0.0,0.0,0.0,"['model x language', 'model x language']",25,False,
ncurve,llama32,C_n50-A,CS,200,0,0.195,0.345,-0.15,2.999970000299997e-05,-0.22,-0.08,-0.10566666666666669,-0.15927518750604547,-0.05439019840489986,"['model x language', 'model x language']",50,True,
ncurve,llama32,C_n50-A,EN,200,0,0.06,0.1,-0.04,0.020969790302096978,-0.07,-0.01,-0.036854838709677415,-0.06467542038734744,-0.009429641867300845,"['model x language', 'model x language']",50,True,
ncurve,llama32,C_n60-A,CS,200,0,0.21,0.345,-0.135,0.00024999750002499977,-0.205,-0.065,-0.09510000000000002,-0.14778594508906162,-0.044398151171873824,"['model x language', 'model x language']",60,True,
ncurve,llama32,C_n60-A,EN,200,0,0.065,0.1,-0.035,0.03834961650383496,-0.065,-0.01,-0.032247983870967736,-0.058797496588128766,-0.0077021109576328696,"['model x language', 'model x language']",60,True,
ablation,llama32,C-A,CS,35,0,0.2,0.34285714285714286,-0.14285714285714285,0.22549774502254977,-0.3142857142857143,0.02857142857142857,-0.10063492063492058,-0.22636682989910373,0.021663777435451635,"['model x language', 'model x language']",51,True,D6
ablation,llama32,B_ext-A,CS,35,0,0.34285714285714286,0.34285714285714286,0.0,1.0,-0.14285714285714285,0.14285714285714285,0.0,-0.09559634325731849,0.09411226729187683,"['model x language', 'model x language']",51,True,D6
ablation,llama32,C-B_ext,CS,35,0,0.2,0.34285714285714286,-0.14285714285714285,0.12517874821251787,-0.2857142857142857,0.0,-0.10063492063492058,-0.20208351771667032,0.0,"['model x language', 'model x language']",51,True,D6
ablation_reference,llama32,"C(main, trained with it)-A",CS,35,0,0.18095238095238095,0.34285714285714286,-0.1619047619047619,0.07134928650713493,-0.3238095238095238,-0.009523809523809535,-0.11405291005291004,-0.22958088859877301,-0.0063615577764554836,"['model x language', 'model x language']",60,,D6
ablation,llama32,C-A,EN,35,0,0.02857142857142857,0.02857142857142857,0.0,1.0,0.0,0.0,0.0,0.0,0.0,"['model x language', 'model x language']",51,True,D6
ablation,llama32,B_ext-A,EN,35,0,0.02857142857142857,0.02857142857142857,0.0,1.0,0.0,0.0,0.0,0.0,0.0,"['model x language', 'model x language']",51,True,D6
ablation,llama32,C-B_ext,EN,35,0,0.02857142857142857,0.02857142857142857,0.0,1.0,0.0,0.0,0.0,0.0,0.0,"['model x language', 'model x language']",51,True,D6
ablation_reference,llama32,"C(main, trained with it)-A",EN,35,0,0.02857142857142857,0.02857142857142857,0.0,1.0,0.0,0.0,0.0,0.0,0.0,"['model x language', 'model x language']",60,,D6
ablation,llama32,C-A,RU,35,0,0.22857142857142856,0.37142857142857144,-0.14285714285714285,0.22916770832291677,-0.3142857142857143,0.02857142857142857,-0.09321496512365254,-0.21316279932770818,0.01974808339046433,"['model x language', 'model x language']",51,True,D6
ablation,llama32,B_ext-A,RU,35,0,0.34285714285714286,0.37142857142857144,-0.02857142857142857,1.0,-0.14285714285714285,0.08571428571428572,-0.018642993024730548,-0.1018409382269143,0.06099205128747831,"['model x language', 'model x language']",51,True,D6
ablation,llama32,C-B_ext,RU,35,0,0.22857142857142856,0.34285714285714286,-0.11428571428571428,0.3888761112388876,-0.3142857142857143,0.08571428571428572,-0.074571972098922,-0.2003924875583022,0.04544912175470084,"['model x language', 'model x language']",51,True,D6
ablation_reference,llama32,"C(main, trained with it)-A",RU,35,0,0.2571428571428571,0.37142857142857144,-0.11428571428571431,0.15245847541524585,-0.24785714285714272,0.019047619047619035,-0.07457197209892208,-0.16863128642809133,0.011848528509653972,"['model x language', 'model x language']",60,,D6
ablation,llama32,C-A,UR,35,0,0.2571428571428571,0.17142857142857143,0.08571428571428572,0.45080549194508057,-0.05714285714285714,0.22857142857142856,0.04868804664723031,-0.032162830429172576,0.1350641296640138,"['model x language', 'model x language']",51,True,D6
ablation,llama32,B_ext-A,UR,35,0,0.08571428571428572,0.17142857142857143,-0.08571428571428572,0.37542624573754263,-0.2,0.02857142857142857,-0.048688046647230324,-0.12471839090951005,0.017219419029047167,"['model x language', 'model x language']",51,True,D6
ablation,llama32,C-B_ext,UR,35,0,0.2571428571428571,0.08571428571428572,0.17142857142857143,0.06969930300696993,0.02857142857142857,0.3142857142857143,0.09737609329446063,0.016143581828005096,0.19095857278155443,"['model x language', 'model x language']",51,True,D6
ablation_reference,llama32,"C(main, trained with it)-A",UR,35,0,0.19047619047619047,0.17142857142857143,0.019047619047619046,0.9052409475905241,-0.13333333333333333,0.1619047619047619,0.010819565921606739,-0.0750032964286468,0.09623648988788988,"['model x language', 'model x language']",60,,D6
