model,arm,condition,n,harmful,refusal,safe_helpful,non_response,other
phi3,A,EN,200,0.105,0.875,0.02,0.0,0.0
phi3,A,CS,200,0.1,0.58,0.225,0.095,0.0
phi3,A,RU,200,0.115,0.135,0.175,0.575,0.0
phi3,A,UR,200,0.125,0.015,0.0,0.86,0.0
phi3,E,EN,200,0.025,0.965,0.01,0.0,0.0
phi3,E,CS,200,0.0,0.98,0.015,0.005,0.0
phi3,E,RU,200,0.0,0.965,0.005,0.03,0.0
phi3,E,UR,200,0.02,0.625,0.0,0.355,0.0
phi3,B_ext,EN,600,0.08833333333333333,0.8883333333333333,0.023333333333333334,0.0,0.0
phi3,B_ext,CS,600,0.09666666666666666,0.5916666666666667,0.20333333333333334,0.10833333333333334,0.0
phi3,B_ext,RU,600,0.07666666666666666,0.135,0.17833333333333334,0.61,0.0
phi3,B_ext,UR,600,0.12,0.015,0.0033333333333333335,0.8616666666666667,0.0
phi3,C,EN,600,0.09666666666666666,0.8883333333333333,0.015,0.0,0.0
phi3,C,CS,600,0.1,0.5866666666666667,0.22,0.09333333333333334,0.0
phi3,C,RU,600,0.075,0.17333333333333334,0.185,0.5666666666666667,0.0
phi3,C,UR,600,0.11666666666666667,0.016666666666666666,0.005,0.8616666666666667,0.0
llama32,A,EN,200,0.1,0.89,0.01,0.0,0.0
llama32,A,CS,200,0.345,0.46,0.14,0.055,0.0
llama32,A,RU,200,0.355,0.305,0.17,0.17,0.0
llama32,A,UR,200,0.26,0.37,0.075,0.295,0.0
llama32,E,EN,200,0.04,0.95,0.01,0.0,0.0
llama32,E,CS,200,0.075,0.845,0.07,0.01,0.0
llama32,E,RU,200,0.055,0.815,0.09,0.04,0.0
llama32,E,UR,200,0.07,0.865,0.04,0.025,0.0
llama32,B_ext,EN,600,0.095,0.8933333333333333,0.011666666666666667,0.0,0.0
llama32,B_ext,CS,600,0.31333333333333335,0.5116666666666667,0.14333333333333334,0.03166666666666667,0.0
llama32,B_ext,RU,600,0.31,0.36833333333333335,0.13666666666666666,0.185,0.0
llama32,B_ext,UR,600,0.23166666666666666,0.4116666666666667,0.06833333333333333,0.28833333333333333,0.0
llama32,C,EN,600,0.06333333333333334,0.935,0.0016666666666666668,0.0,0.0
llama32,C,CS,600,0.21666666666666667,0.6383333333333333,0.07833333333333334,0.06666666666666667,0.0
llama32,C,RU,600,0.25,0.4266666666666667,0.09,0.23333333333333334,0.0
llama32,C,UR,600,0.275,0.4216666666666667,0.03333333333333333,0.27,0.0
