adapter,model,arm,tag,epochs,n_pairs,steps,effective_steps,final_epoch_loss,final_epoch_reward_accuracy,learned,identical_to_A
B_ext_llama32_n51_ablation_D6,llama32,B_ext,n51_ablation_D6,4,51,12,9,0.28673333333333334,1.0,True,0.2826923076923077
B_ext_llama32_n60,llama32,B_ext,n60,4,60,12,9,0.30565,0.96875,True,0.24423076923076922
B_ext_llama32_n60_s43,llama32,B_ext,n60_s43,4,60,12,9,0.2676,0.96875,True,0.2673076923076923
B_ext_llama32_n60_s44,llama32,B_ext,n60_s44,4,60,12,9,0.27949999999999997,1.0,True,0.30096153846153845
B_ext_phi3_n30_ablation_D6,phi3,B_ext,n30_ablation_D6,4,30,4,2,0.6931,0.0,False,0.5836538461538462
B_ext_phi3_n39,phi3,B_ext,n39,4,39,8,5,0.3827,0.9375,True,0.40384615384615385
B_ext_phi3_n39_s43,phi3,B_ext,n39_s43,4,39,8,6,0.3933,1.0,True,0.39903846153846156
B_ext_phi3_n39_s44,phi3,B_ext,n39_s44,4,39,8,6,0.4654,1.0,True,0.4028846153846154
C_llama32_n25,llama32,C,n25,4,25,4,0,0.6931,0.0,False,1.0
C_llama32_n50,llama32,C,n50,4,50,12,8,0.0009333333333333333,1.0,True,0.07019230769230769
C_llama32_n51_ablation_D6,llama32,C,n51_ablation_D6,4,51,12,8,0.0025,1.0,True,0.08076923076923077
C_llama32_n60,llama32,C,n60,4,60,12,8,0.0009,1.0,True,0.07019230769230769
C_llama32_n60_s43,llama32,C,n60_s43,4,60,12,8,0.00095,1.0,True,0.07115384615384615
C_llama32_n60_s44,llama32,C,n60_s44,4,60,12,8,0.00155,1.0,True,0.07403846153846154
C_phi3_n25,phi3,C,n25,4,25,4,1,0.6931,0.0,False,0.8913461538461539
C_phi3_n30_ablation_D6,phi3,C,n30_ablation_D6,4,30,4,2,0.6931,0.0,False,0.5442307692307692
C_phi3_n39,phi3,C,n39,4,39,8,5,0.0611,1.0,True,0.2423076923076923
C_phi3_n39_s43,phi3,C,n39_s43,4,39,8,5,0.0694,1.0,True,0.25576923076923075
C_phi3_n39_s44,phi3,C,n39_s44,4,39,8,6,0.0234,1.0,True,0.22692307692307692
