model,type,contrast,n_complete,n_missing_pairs,asr_a,asr_b,diff,diff_ci_lo,diff_ci_hi,a_unsafe_b_safe,a_safe_b_unsafe,test_used,pvalue,holm_family,p_adjusted,reject,diff_corrected,diff_corrected_ci_lo,diff_corrected_ci_hi,correction_basis,finding
gemma4e2b,planned,CS-RU,791,0,0.06573957016434892,0.0632111251580278,0.0025284450063211145,-0.01643489254108723,0.022756005056890013,33,31,chi2_cc,0.9005235503397742,extension,0.9005235503397742,False,0.018099452170248637,-0.03323083628291996,0.07642427675526667,model x condition,False
gemma4e2b,planned,RU-UR,791,0,0.0632111251580278,0.045512010113780026,0.01769911504424778,0.0,0.035398230088495575,33,19,chi2_cc,0.07142345772985215,extension,0.1428469154597043,False,-0.030025284450063208,-0.10200971494969333,0.027287414484061866,model x condition,False
gemma4e2b,planned,RU-EN,791,0,0.0632111251580278,0.03286978508217446,0.030341340075853346,0.012642225031605562,0.04804045512010114,39,15,chi2_cc,0.001748637004975702,extension,0.005245911014927106,True,0.014222503160556253,-0.044790758866217265,0.056920711148992276,model x condition,False
gemma4e2b,descriptive,CS-EN,791,0,0.06573957016434892,0.03286978508217446,0.03286978508217446,0.018963337547408345,0.04804045512010114,32,6,chi2_cc,5.001956843581317e-05,,,,0.03232195533080489,-0.027039050180290375,0.0861389512932746,model x condition,
llama32,planned,CS-RU,791,0,0.3729456384323641,0.359039190897598,0.013906447534766109,-0.029077117572692796,0.05815423514538559,161,150,chi2_cc,0.5706815860956753,confirmatory,1.0,False,-0.00033709037137746867,-0.08304945044200512,0.0823923245411874,model x condition,False
llama32,planned,RU-UR,791,0,0.359039190897598,0.29835651074589126,0.06068268015170675,0.01643489254108723,0.10493046776232617,188,140,chi2_cc,0.009455215916037877,confirmatory,0.05673129549622726,False,0.0981171041889568,0.016106333549267306,0.17912439392543147,model x condition,False
llama32,planned,RU-EN,791,0,0.359039190897598,0.11757269279393173,0.24146649810366627,0.202275600505689,0.27939317319848295,241,50,chi2_cc,8.19412872642396e-29,confirmatory,7.374715853781564e-28,True,0.19415503100276377,0.1271262313481623,0.26545266407858825,model x condition,True
llama32,descriptive,CS-EN,791,0,0.3729456384323641,0.11757269279393173,0.2553729456384324,0.22123893805309736,0.2895069532237674,222,20,chi2_cc,3.4368757461548206e-38,,,,0.1938179406313863,0.12899538160494783,0.26147593054521473,model x condition,
phi3,planned,CS-RU,791,0,0.1125158027812895,0.09987357774968394,0.012642225031605558,-0.01643489254108723,0.041719342604298354,74,64,chi2_cc,0.443598431957837,confirmatory,1.0,False,0.055344851805028794,0.009717814064734279,0.09421820041467578,model x condition,False
phi3,planned,RU-UR,791,0,0.09987357774968394,0.10240202275600506,-0.0025284450063211145,-0.03034134007585335,0.025284450063211124,68,70,chi2_cc,0.9321614961189602,confirmatory,1.0,False,-0.01367143846654724,-0.06504617624712354,0.03408730071458083,model x condition,False
phi3,planned,RU-EN,791,0,0.09987357774968394,0.08217446270543616,0.017699115044247787,-0.008849557522123894,0.044279393173198026,69,55,chi2_cc,0.24303496029451976,confirmatory,0.9721398411780791,False,-0.01583579230967308,-0.054673980625293196,0.03003441656547899,model x condition,False
phi3,descriptive,CS-EN,791,0,0.1125158027812895,0.08217446270543616,0.030341340075853346,0.006321112515802781,0.05436156763590392,62,38,chi2_cc,0.021448220043351642,,,,0.039509059495355714,0.0013268260386963052,0.07849186601849927,model x condition,
qwen25,planned,CS-RU,791,0,0.0922882427307206,0.03413400758533502,0.058154235145385584,0.035398230088495575,0.08091024020227561,66,20,chi2_cc,1.2193028481001605e-06,confirmatory,8.535119936701123e-06,True,0.029609737772463965,-0.017534504506395647,0.0669414632841543,model x condition,False
qwen25,planned,RU-UR,791,0,0.03413400758533502,0.0606826801517067,-0.02654867256637168,-0.04677623261694058,-0.006321112515802781,24,45,chi2_cc,0.016052616408112546,confirmatory,0.08026308204056273,False,-0.013845266255780066,-0.054763366189067735,0.03404088194041018,model x condition,False
qwen25,planned,RU-EN,791,0,0.03413400758533502,0.15423514538558786,-0.12010113780025283,-0.14664981036662453,-0.09355246523388117,18,113,chi2_cc,2.1605666741167646e-16,confirmatory,1.7284533392934117e-15,True,-0.06977753457742891,-0.11427236174378662,-0.016728540731494605,model x condition,True
qwen25,descriptive,CS-EN,791,0,0.0922882427307206,0.15423514538558786,-0.061946902654867256,-0.08723135271807839,-0.03666245259165613,33,82,chi2_cc,7.6046267723139105e-06,,,,-0.04016779680496495,-0.08413330345123533,0.004715816192240952,model x condition,
r1qwen15,planned,CS-RU,791,0,0.38179519595448796,0.12515802781289506,0.2566371681415929,0.21871049304677623,0.2945638432364096,248,45,chi2_cc,3.8585628793024575e-32,extension,1.9292814396512287e-31,True,0.2742437572432915,0.14488742447392985,0.40766625491126135,model x condition,True
r1qwen15,planned,RU-UR,791,0,0.12515802781289506,0.012642225031605562,0.1125158027812895,0.0897597977243995,0.13653603034134007,98,9,chi2_cc,1.7805946905285454e-17,extension,7.122378762114182e-17,True,0.013530859738192222,-0.04222164350730834,0.0888471903409754,model x condition,False
r1qwen15,planned,RU-EN,791,0,0.12515802781289506,0.5689001264222503,-0.4437420986093552,-0.48166877370417194,-0.40581542351453853,26,377,chi2_cc,4.495852327716705e-68,extension,2.697511396630023e-67,True,-0.4831671114856956,-0.595009536691163,-0.34778095098473005,model x condition,True
r1qwen15,descriptive,CS-EN,791,0,0.38179519595448796,0.5689001264222503,-0.18710493046776233,-0.23135271807838179,-0.14285714285714285,101,249,chi2_cc,3.919369607021837e-15,,,,-0.2089233542424041,-0.3622326378136425,-0.030236281219624902,model x condition,
